size_mib,kind,best_ms,gb_per_s
56,d2d,0.536,109.7
56,d2h_pinned,0.700,83.9
56,h2d_pinned,0.683,86.0
56,d2h_pageable,0.821,71.5
56,h2d_pageable,0.733,80.2
114,d2d,1.105,108.2
114,d2h_pinned,1.415,84.5
114,h2d_pinned,1.413,84.6
114,d2h_pageable,1.690,70.7
114,h2d_pageable,1.491,80.2
128,d2d,1.236,108.6
128,d2h_pinned,1.581,84.9
128,h2d_pinned,1.587,84.6
128,d2h_pageable,1.923,69.8
128,h2d_pageable,1.665,80.6
232,d2d,2.263,107.5
232,d2h_pinned,2.878,84.5
232,h2d_pinned,2.854,85.2
232,d2h_pageable,3.983,61.1
232,h2d_pageable,3.025,80.4
1024,d2d,10.131,106.0
1024,d2h_pinned,12.628,85.0
1024,h2d_pinned,12.586,85.3
1024,d2h_pageable,15.293,70.2
1024,h2d_pageable,13.216,81.2
4096,d2d,41.012,104.7
4096,d2h_pinned,50.428,85.2
4096,h2d_pinned,50.587,84.9
4096,d2h_pageable,61.616,69.7
4096,h2d_pageable,52.193,82.3
10240,d2d,102.938,104.3
10240,d2h_pinned,126.016,85.2
10240,h2d_pinned,126.500,84.9
10240,d2h_pageable,149.288,71.9
10240,h2d_pageable,129.186,83.1
